Norsk navn,Engelsk navn,Full Name,Type bok,Lesemodningsnivå,Alder,Enhjørninger eller kaniner,"Navn, lest inn for",ForsideBilde,Lenke til boka,Lest av,github,Laget av,Kjøp boka,Pris,passord,ToDo
Tryms vei 1,,,,,,,,,,,,,,,,
Tryms vei 2,,,,,,,,,,,,,,,,
Tryms vei 3,,,,,,,,,,,,,,,,
Tryms vei 4,,,,,,,,,,,,,,,,
Tryms vei 5,,,,,,,,,,,,,,,,
Tryms vei 6,,,,,,,,,,,,,,,,
Tryms vei 7,,,,,,,,,,,,,,,,
Tryms vei 8,,,,,,,,,,,,,,,,
Tryms vei 9,,,,,,,,,,,,,,,,
Tryms vei 10,,,,,,,,,,,,,,,,
Tryms vei 11,,,,,,,,,,,,,,,,
Tryms vei 12,,,,,,,,,,,,,,,,
Tryms vei 13,,,,,,,,,,,,,,,,
Tryms vei 14,,,,,,,,,,,,,,,,
Tryms vei 15,,,,,,,,,,,,,,,,
Tryms vei 16,,,,,,,,,,,,,,,,
Tryms vei 17,,,,,,,,,,,,,,,,